n,d,k,rang,z,sigma,runk,runphi,Run 1 cost,Run 2 cost,Run 3 cost,Run 4 cost,Run 5 cost,Run 6 cost,Run 7 cost,Run 8 cost,Run 9 cost,Run 10 cost,Average,optimal cost,av prec,max prec,av recall,max recall,prec sd,recall sd
10035,15,10,50,25,1,10,1,149899.40005847727,119169.99510183131,128572.15985452007,115960.15182845523,107854.84828007496,118170.57710698263,117438.04290710777,122219.69116207657,156337.2793491798,111796.90714944739,124741.90527981528,37914.08534992307,0.003,0.030000000000000006,0.003,0.030000000000000006,0.0045825756949558405,0.0045825756949558405
10035,15,10,50,25,1,11,1,78267.87469064185,92390.68697526614,52399.88713877361,101989.6316072022,76359.78058936044,87500.95173210534,87556.91266398189,99117.32434332641,69922.58178759424,73652.98147055878,81915.86129988109,37914.08534992307,0.0036363636363636364,0.02727272727272727,0.004,0.030000000000000006,0.006030226891555273,0.0066332495807108
10035,15,10,50,25,1,12,1,52575.77456074901,61285.034341952196,52307.183673300045,87639.07127297248,84042.30595755548,100610.53896387332,52579.13101766577,52363.03835477512,65559.93701814004,65252.624347253375,67421.46395082367,37914.08534992307,0.005833333333333334,0.041666666666666664,0.007000000000000001,0.05,0.0065085413965888786,0.0078102496759066544
10035,15,10,50,25,1,13,1,52305.12567569265,63905.439512358396,65376.93716826498,52575.591293455356,52261.54461115985,52135.55994050099,52470.458775739346,52508.27219910142,52157.74778263259,62860.591719616685,55855.72686785223,37914.08534992307,0.006923076923076923,0.046153846153846156,0.009,0.06,0.007256908563120465,0.009433981132056605
10035,15,10,50,25,1,14,1,64474.33319323514,52264.50820965101,61790.92703003083,52912.89914692312,52283.88816218742,51759.56833589585,53331.419042105656,52170.20615834501,52231.092326939186,52159.911068867,54537.87526741802,37914.08534992307,0.002142857142857143,0.02142857142857143,0.003,0.030000000000000006,0.003273268353539885,0.0045825756949558405
