n,d,k,rang,z,sigma,runk,runphi,Run 1 cost,Run 2 cost,Run 3 cost,Run 4 cost,Run 5 cost,Run 6 cost,Run 7 cost,Run 8 cost,Run 9 cost,Run 10 cost,Average,optimal cost,av prec,max prec,av recall,max recall,prec sd,recall sd
10035,15,10,50,25,1,10,1,504205.6400570697,822514.5929257739,543487.119309779,1102488.5868966142,645128.8799996878,747927.9571460317,565218.3645961003,768658.9419994755,1087019.415836408,680477.0359680576,746712.6534734998,37914.08534992307,0.0,0.0,0.0,0.0,0.0,0.0
10035,15,10,50,25,1,11,1,564095.7278985436,563159.3152493873,770563.5654099431,1017687.6321147529,531591.5639492808,638979.3757477847,882098.1773430904,986551.2181129917,872282.9070306444,902504.4524673147,772951.3935323732,37914.08534992307,0.0,0.0,0.0,0.0,0.0,0.0
10035,15,10,50,25,1,12,1,637997.4090797077,787020.169011552,656314.7568947555,693078.4768199417,614546.5773165987,517581.76104858256,778481.0950975802,924470.2374841368,504738.2506009479,703715.0658770567,681794.3799230859,37914.08534992307,0.008333333333333333,0.008333333333333333,0.01,0.01,0.024999999999999998,0.03
10035,15,10,50,25,1,13,1,516650.6637679189,467649.89282507985,795185.3899368448,950689.4223331643,922735.555657034,552531.7899351573,543074.4868931004,584312.3070303461,452087.94053043006,681877.3740957081,646679.4823004784,37914.08534992307,0.0,0.0,0.0,0.0,0.0,0.0
10035,15,10,50,25,1,14,1,546056.2110319261,706401.7646824094,755295.0137090019,539748.1840798258,784475.0967837316,509632.6710475292,608945.5573260111,513575.1901062332,529768.2510505219,929857.1907190323,642375.5130536223,37914.08534992307,0.0,0.0,0.0,0.0,0.0,0.0
