n,d,k,rang,z,sigma,runk,runphi,Run 1 cost,Run 2 cost,Run 3 cost,Run 4 cost,Run 5 cost,Run 6 cost,Run 7 cost,Run 8 cost,Run 9 cost,Run 10 cost,Average,optimal cost,av prec,max prec,av recall,max recall,prec sd,recall sd
10035,15,10,50,25,1,10,1,661557.9430457513,827073.0403762457,509850.833004943,654408.6582448204,514478.3052572023,672026.5695315562,811585.8996491701,571610.062341162,842270.7855994785,676104.1254083305,674096.6222458661,37914.08534992307,0.0,0.0,0.0,0.0,0.0,0.0
10035,15,10,50,25,1,11,1,703257.3578014078,667740.9599424076,513687.17123460816,691134.3592398803,511636.1432385284,390571.8446732691,658364.875056541,534745.4757473551,677848.1123324552,624129.3131274995,597311.5612393953,37914.08534992307,0.0,0.0,0.0,0.0,0.0,0.0
10035,15,10,50,25,1,12,1,803305.1947048489,660367.0579700137,276212.7315874773,815327.1346224919,494126.7306938753,517318.2935181169,683949.9004579167,663064.7321326518,691935.0013762771,596549.914976673,620215.6692040341,37914.08534992307,0.0,0.0,0.0,0.0,0.0,0.0
10035,15,10,50,25,1,13,1,550027.872648584,336084.0195838319,527547.6821819945,795493.0517231334,758075.7025412864,551445.4827799171,359420.2205799619,586531.6170866035,698732.4390123027,437253.38644185656,560061.1474579473,37914.08534992307,0.007692307692307693,0.007692307692307693,0.01,0.01,0.023076923076923075,0.03
10035,15,10,50,25,1,14,1,660744.7587667932,525883.1513601553,508712.3378462777,651497.3028573699,620700.6192641812,497863.72630996816,611635.0979552034,812736.9124941063,653288.8819133297,299267.47568526835,584233.0264452653,37914.08534992307,0.007142857142857143,0.007142857142857143,0.01,0.01,0.021428571428571425,0.03
