n,d,k,rang,z,sigma,runk,runphi,Run 1 cost,Run 2 cost,Run 3 cost,Run 4 cost,Run 5 cost,Run 6 cost,Run 7 cost,Run 8 cost,Run 9 cost,Run 10 cost,Average,optimal cost,av prec,max prec,av recall,max recall,prec sd,recall sd
10035,15,10,50,25,1,10,1,38037.94059619412,133860.7116636193,38096.180847742085,79807.11519237373,118784.14559231595,138723.65383300706,116345.42143869335,81619.04600529453,116521.45316587377,118024.06361240479,97981.97319475186,37914.08534992307,0.9933333333333334,1.0,0.9933333333333334,1.0,0.01074967699773142,0.01074967699773142
10035,15,10,50,25,1,11,1,37969.418428223165,62599.0884320774,37996.42291349614,37935.43223270993,38030.21459358326,37871.565140837105,68334.65461724829,38004.5660303208,37970.23114579188,82405.88109909974,47911.74746333877,37914.08534992307,0.9933333333333334,1.0,0.9933333333333334,1.0,0.008944271909999166,0.008944271909999166
10035,15,10,50,25,1,12,1,37851.8023175649,37799.85483128558,37908.64950064022,37836.05340240867,74735.47727009396,37773.52164250129,37875.694870705156,37947.300429641335,37837.20106743409,37878.51889201833,41544.40742242934,37914.08534992307,0.9960000000000001,1.0,0.9960000000000001,1.0,0.008537498983243812,0.008537498983243812
10035,15,10,50,25,1,13,1,37739.60289360783,37737.557516768924,37836.87389933019,37777.26376396171,37872.0843138549,37695.819905781274,37785.68302971658,37822.145419125554,37788.42454128476,37799.092891485176,37785.454817491685,37914.08534992307,0.9893333333333334,1.0,0.9893333333333334,1.0,0.008000000000000007,0.008000000000000007
10035,15,10,50,25,1,14,1,37719.733482495794,37632.899912250716,37734.76690164809,37654.75403471742,37732.94341708714,37589.7405331898,37626.84179153454,37775.96499942059,37640.967553327,37724.6186545132,37683.323128018426,37914.08534992307,0.9906666666666668,1.0,0.9906666666666668,1.0,0.010413666234542223,0.010413666234542223
